"ID","IE","Inscription","Object Type","Inscription Type","Location","Low Date","High Date","Date","Date Span","Low Date Uncertain","High Date Uncertain","Notes"
"267","267","Statue Base for an Unknown Kanephoros","Base","Dedication","Outer Courtyard","-100","-75","-87.5","25","FALSE","FALSE",""
"268","268","Statue Base for Ameinokleia Philanthou Phylasiou","Base","Dedication","","-100","-75","-87.5","25","FALSE","FALSE",""
"269","269","Statue Base for an Unknown Hearth-Initiate","Base","Dedication","","-100","-75","-87.5","25","TRUE","TRUE",""
"270","270","Statue Base for Epiphaneia, Daughter of Athenagoras Meliteus","Base","Dedication","","-90","-80","-85","10","FALSE","FALSE",""
"271","271","Honorary Decree of the Synod of Dionysiac Artists in Honor of their Epimelete Philemon","Base","Decree","","-76","-70","-73","6","FALSE","FALSE",""
"684","272","Statue Base for Eusebeia, Daughter of King Ariobarzanes II of Cappadocia","Base","Dedication","","-75","-65","-70","10","TRUE","FALSE",""
"685","272","Statue Base for Athenais, Daughter of King Ariobarzanes II of Cappadocia","Base","Dedication","","-75","-65","-70","10","TRUE","FALSE",""
"686","272","Statue Base for Athenais, Daughter of King Ariobarzanes I of Cappadocia","Base","Dedication","","-75","-65","-70","10","TRUE","FALSE",""
"687","272","Statue Base for King Ariobarzanes II, Son of King Ariobarzanes I, of Cappadocia","Base","Dedication","","-75","-65","-70","10","TRUE","FALSE",""
"273","273","Statue Base for Timothea, Daughter of Medeios Medeiou Peiraieus","Stele","Dedication","","-75","-65","-70","10","FALSE","FALSE",""
"274","274","Dedication in Honor of a Tamias","Base","Dedication","","-62","-61","-61.5","1","FALSE","FALSE",""
"275","275","Statue Base for Medeios Medeiou Peiraieus, Exegete of the Eumolpidai","Base","Dedication","North of the Telesterion","-65","-55","-60","10","FALSE","FALSE",""
"276","276","Statue Base for Titus Pinarius","Base","Dedication","","-55","-45","-50","10","FALSE","FALSE",""
"277","277","Statue Base for Sophokles Xenokleous Acharneus, Daduch","Base","Dedication","","-60","-40","-50","20","FALSE","FALSE",""
"278","278","Statue Base for Sophokles Xenokleous Acharneus, Daduch","Base","Dedication","","-60","-40","-50","20","FALSE","FALSE",""
"279","279","Statue Base for Unknown","Base","Dedication","","-60","-40","-50","20","FALSE","FALSE",""
"280","280","Statue Base for Kleo, Daughter of Dionysios Lakrateidou Ikarieus","Base","Dedication","Between the Propylaea","-60","-40","-50","20","FALSE","FALSE",""
"281","281","Statue Base for Unknown","Base","Dedication","","-60","-40","-50","20","FALSE","FALSE",""
"282","282","Statue Base for Unknown Hearth-Initiate","Stele","Dedication","Between the Propylaea","-60","-40","-50","20","TRUE","TRUE",""
"283","283","Statue Base for an Unknown Hearth-Initiate","Base","Dedication","Between the Propylaea","-60","-40","-50","20","TRUE","TRUE",""
"284","284","Statue Base for Unknown","Base","Dedication","","-60","-40","-50","20","TRUE","FALSE",""
"285","285","Statue Base for an Unknown Daduch of Hagnous","Base","Dedication","","-50","-30","-40","20","FALSE","FALSE",""
"286","286","Statue Base for Dionysios Athenagorou Meliteus","Base","Dedication","Between the Propylaea","-50","-25","-37.5","25","FALSE","FALSE",""
"287","287","Statue Base for Aion","Base","Dedication","","-50","-15","-32.5","35","FALSE","TRUE",""
"288","288","State Base for Hierophantis Amphiou Philadou","Base","Dedication","","-50","-15","-32.5","35","FALSE","FALSE",""
"289","289","Statue Base for Lucius Munatius Plancus","Base","Dedication","South Wall","-41","-31","-36","10","FALSE","FALSE",""
"290","290","Propylon Dedicated by Appius Claudius Pulcher","Base","Dedication","Between the Propylaea","-45","-35","-40","10","FALSE","FALSE",""
"675","291","Statue Base of Phaidros Lysiadrou Berenikides, Dedicated by his Daughter Khrysothemis Phaidrou Berenikides","Base","Dedication","","-45","-35","-40","10","FALSE","FALSE",""
"676","291","Statue Base of Q. Caecilius Pomponianus Atticus, Dedicated by Khrysothemis Phaidrou Berenikides","Base","Dedication","","-45","-35","-40","10","FALSE","FALSE",""
"677","291","Statue Base for Lysiades Phaidrou Berenikides, Dedicated by the Demos","Base","Dedication","","-45","-35","-40","10","FALSE","FALSE",""
"678","291","Statue Base for Khrysothemis Phaidrou Berenikides, Dedicated by the Demos","Base","Dedication","","-45","-35","-40","10","FALSE","FALSE",""
"292","292","Statue Base for Sempronia L.F. Atratina","Base","Dedication","","-45","-34","-39.5","11","FALSE","FALSE",""
"293","293","Bench Deadicted by Caius Creperius C.F.","Base","Dedication","","-45","-35","-40","10","TRUE","TRUE",""
"294","294","Statue Base for Marcus Titius L.F.","Base","Dedication","Between the Propylaea","-40","-30","-35","10","FALSE","TRUE",""
"295","295","Statue Base for Kallikratides Syndromou Trikorysios, Hoplite General","Base","Dedication","South Wall","-35","-30","-32.5","5","FALSE","TRUE",""
"703","296","Livia Drousilla, Wife of the Emperor Augustus Caesar","Building or Monument","Dedication","","-31","-21","-26","10","FALSE","FALSE",""
"704","296","Statue Base for the Emperor Augustus Caesar, Son of the Divine Iulius, Dedicated by the Demos","Building or Monument","Dedication","","-31","-21","-26","10","FALSE","FALSE",""
"297","297","Statue Base for Augustus Caesar as Zeus Boulaios","Base","Dedication","","-27","-17","-22","10","FALSE","FALSE",""
"298","298","Statue Base for Theophrastos Themistokleous Hagnousios, Daduch","Base","Dedication","","-30","-20","-25","10","TRUE","TRUE",""
"299","299","Statue Base for Lamidion. Daughter of Apolexis Ex Oiou, Hearth-Initiate","Base","Dedication","","-30","-20","-25","10","TRUE","TRUE",""
"300","300","Honorary Decree for Themistokles Theophrastou Hagnousios","Base","Decree","","-30","-20","-25","10","FALSE","FALSE",""
"679","301","Statue Base for the Daduch Theophrastos, son of the Daduch Themistokles of Hagnousios, Dedicated by the Demos","Base","Dedication","","-25","-15","-20","10","FALSE","FALSE",""
"680","301","Statue Base for the Daduch Themistokles, Son of the Daduch Themistokles, Dedicated by the Demos","Base","Dedication","","-25","-15","-20","10","FALSE","FALSE",""
"681","301","Statue Base Sophokles, Son of Theophrastos, of Hagnous","Base","Dedication","","-25","-15","-20","10","FALSE","FALSE",""
"302","302","Statue Base for an Unknown Hearth-Initiate, son of Themistokles Hagnousios","Base","Dedication","Before the Telestrion","-25","-1","-13","24","FALSE","FALSE",""
"303","303","Statue Base For Unknown","Building or Monument","Dedication","","-25","-1","-13","24","TRUE","TRUE",""
"304","304","Statue Base Signed by Antiochos, son of Demetrios of Antioch","Building or Monument","Other/Uncertain","","-25","-1","-13","24","TRUE","TRUE",""
"305","305","Statue Base for Polyainos Nikandrou Sounieus","Base","Dedication","","-25","-1","-13","24","FALSE","FALSE",""
"306","306","Altar for Kourotrophos, Dedicated by Theophile","Other/Fragment","Dedication","","-100","-1","-50.5","99","TRUE","TRUE",""
"307","307","Statue Base for Diotima, Hearth-Initiate","Base","Dedication","","-100","-1","-50.5","99","TRUE","TRUE",""
"308","308","Statue Base for Diodotos Kalliphontos Pamotades","Base","Dedication","","-100","-1","-50.5","99","TRUE","TRUE",""
"309","309","Statue Base Signed by Sosibios","Base","Other/Uncertain","","-100","-1","-50.5","99","TRUE","TRUE",""
"310","310","Fragmentary Law or Epistle","Base","Other/Uncertain","","-100","200","50","300","FALSE","FALSE",""
"311","311","Fragment Letter or Decree","Base","Other/Uncertain","","-100","200","50","300","FALSE","FALSE",""
"312","312","Statue Base for Dionysios Son of Dionysios","Stele","Dedication","","-100","200","50","300","FALSE","FALSE",""
"313","313","Statue Base Dedicated by or for an Exegete","Base","Dedication","","-100","200","50","300","FALSE","FALSE",""
"314","314","Statue Base for Unknown","Base","Dedication","","-100","200","50","300","FALSE","FALSE",""
"315","315","Fragmentary Decree","Base","Decree","","-100","200","50","300","FALSE","FALSE",""
"316","316","Statue Base Unknown","Base","Dedication","","-100","200","50","300","FALSE","FALSE",""
"317","317","Statue Base for an Unknown Hearth-Initiate","Altar","Dedication","","-100","100","0","200","FALSE","TRUE",""
"318","318","Statue Base for an Unknown Hearth-Initiate","Base","Dedication","","-100","200","50","300","FALSE","FALSE",""
"319","319","Statue Base for an Unknown Hearth-Initiate","Base","Dedication","","-100","200","50","300","FALSE","FALSE",""
"320","320","Fragmentary Dedication","Base","Dedication","","-100","300","100","400","FALSE","FALSE",""
"321","321","Statue Base for Unknown","Other/Fragment","Other/Uncertain","","-100","300","100","400","FALSE","FALSE",""
"322","322","Statue Base for Unknown","Other/Fragment","Dedication","","-100","300","100","400","FALSE","FALSE",""
"323","323","Statue Base for Atheno Niketou Hagnousiou, Hearth-Initiate","Base","Dedication","","-25","25","0","50","FALSE","FALSE",""
"324","324","Statue Base for Pammenes Pammenous Marathonios, Exegete of the Eumolpidai","Base","Dedication","Before the Telestrion","1","25","13","24","FALSE","FALSE",""
"325","325","Statue Base for a Unknown Hierophantis","Base","Dedication","","1","25","13","24","TRUE","TRUE",""
"326","326","Statue Base for Unknown","Base","Dedication","Outer Courtyard","1","25","13","24","TRUE","TRUE",""
"327","327","Statue Base for Antamenes Leontichou Epieikides","Base","Dedication","Outer Courtyard","1","25","13","24","TRUE","TRUE",""
"328","328","Altar for Kourotrophos","Base","Dedication","","1","25","13","24","TRUE","TRUE",""
"329","329","Statue Base for an Unknown Hearth-Initiate, Daughter of Polycharmos of Azenia","Other/Fragment","Dedication","","-27","14","-6.5","41","FALSE","FALSE",""
"330","330","Statue Base for Polycharmos Polykritou Azenieus","Base","Dedication","","-27","14","-6.5","41","FALSE","FALSE",""
"331","331","Statue Base for Emperor Tiberius","Base","Dedication","","14","37","25.5","23","FALSE","FALSE",""
"332","332","Statue Base for Unknown","Base","Other/Uncertain","","14","54","34","40","FALSE","FALSE",""
"333","333","Statue Base for Menandros Asklepiodotou Gargettios","Base","Dedication","Before the Telestrion","15","25","20","10","TRUE","TRUE",""
"334","334","Monument for Emperor Tiberius","Base","Dedication","","15","25","20","10","TRUE","TRUE",""
"335","335","Monument for Iulia Augusta","Other/Fragment","Dedication","","20","30","25","10","FALSE","FALSE",""
"336","336","Statue Base for a Priest of Tiberius and Exegete of the Eumolpidai","Base","Dedication","","20","30","25","10","TRUE","TRUE",""
"337","337","Statue Base for an Unknown Exegete","Base","Dedication","","20","30","25","10","TRUE","TRUE",""
"338","338","Statue Base for Unknown","Base","Dedication","","20","30","25","10","TRUE","TRUE",""
"339","339","Statue Base for Unknown","Base","Dedication","","25","50","37.5","25","FALSE","TRUE",""
"340","340","Statue Base for Unknown","Base","Dedication","","25","50","37.5","25","FALSE","TRUE",""
"341","341","Epistyle of Building Dedicated by the Priestess Kleo Eukleous of Phyla","Base","Dedication","","25","65","45","40","TRUE","TRUE",""
"342","342","Monument Dedicated by the Priestess Kleo Eukleous of Phyla","Base","Dedication","","25","65","45","40","TRUE","TRUE",""
"343","343","Statue Base Dedicated by the Priestess Kleo Eukleous of Phyla","Altar","Dedication","","25","65","45","40","TRUE","TRUE",""
"344","344","Statue Base for Polycharmos Eukleous Marathonios, High Priest of Tiberius","Base","Dedication","Before the Telestrion","30","37","33.5","7","TRUE","TRUE",""
"345","345","Statue Base for Titus Statilius Lamprias","Base","Dedication","","38","48","43","10","FALSE","FALSE",""
"346","346","Statue Base Dedicated by Kleopatra Iophontos Deiradiotou and Her Son","Base","Dedication","","40","60","50","20","FALSE","FALSE",""
"682","347","Statue Base for P. Papinus Statius, Dedicated by the Areopagus","Base","Dedication","","25","75","50","50","FALSE","FALSE",""
"683","347","Statue Base for a Proconsul, Dedicated by the Demos","Base","Dedication","","25","75","50","50","FALSE","FALSE",""
"348","348","Statue Base for Diokles Themistokleous Hagnousios","Base","Dedication","","40","60","50","20","FALSE","FALSE",""
"349","349","Statue Base for Athenais, Daughter of Diokles Hagnousios","Stele","Dedication","Before the Telestrion","40","60","50","20","FALSE","FALSE",""
"350","350","Statue Base for Marcus Porcius Cato","Base","Dedication","","40","60","50","20","FALSE","FALSE",""
"351","351","Statue Base for Seilon Apolloniou Meliteus, Hearth-Initiate","Base","Dedication","","40","60","50","20","TRUE","TRUE",""
"352","352","Statue Base for Caius Caecilius Kasios, Acharneus","Base","Dedication","Before the Telestrion","40","60","50","20","TRUE","TRUE",""
"353","353","Statue Base for an Unknown Daughter of Statilius of Sphettos","Building or Monument","Dedication","","40","60","50","20","TRUE","TRUE",""
"354","354","Architrave with Dedication by Tiberius Klaudios Eukles Sostratou, Priest of Iulia Agrippina Sebaste","Building or Monument","Dedication","","50","59","54.5","9","FALSE","FALSE",""
"355","355","Statue Base for an Unknown Brother of the Priest Tiberius Klaudios Eukles Sostratou","Base","Dedication","","50","59","54.5","9","FALSE","FALSE",""
"356","356","Statue Base for Tiberius Klaudios Nouios Philinou of Oion","Base","Dedication","","50","60","55","10","TRUE","FALSE",""
"357","357","Statue Base for Tiberius Klaudios Demostratos Ti. Klaudii Neikotelous Sounieus, Hearth Initiate","Base","Dedication","","50","60","55","10","TRUE","FALSE",""
"358","358","Statue Base for Klaudios Asklepiodoros Gargettios","Base","Dedication","","50","60","55","10","TRUE","TRUE",""
"359","359","Statue Base for an Exegete","Base","Dedication","","50","100","75","50","FALSE","TRUE",""
"360","360","Contract Concerning Iulius Nikanor","Building or Monument","Other/Uncertain","","50","70","60","20","FALSE","TRUE",""
"361","361","Statue Base for Tiberius Klaudios Nouios of Oion","Building or Monument","Dedication","","55","65","60","10","FALSE","FALSE",""
"362","362","Status Base for Iulius Nikanor, New Homer and New Themistokles","Base","Dedication","","55","65","60","10","TRUE","TRUE",""
"363","363","Entablature","Base","Dedication","Before the Telestrion","60","138","99","78","FALSE","TRUE",""
"364","364","Monument for Klaudia Alkia","Base","Dedication","","60","70","65","10","FALSE","FALSE",""
"365","365","Statue Base for Titus Flavius Sophokles T. Flavii Kononos Sounieus","Base","Dedication","","70","80","75","10","FALSE","FALSE",""
"366","366","Statue Base for Titus Flavius Konon Kononos Sounieus","Base","Dedication","","75","80","77.5","5","TRUE","FALSE",""
"367","367","Statue Base for Titus Flavius Sophokles Kononos Sounieus","Base","Dedication","","75","80","77.5","5","TRUE","FALSE",""
"368","368","Statue Base for Unknown","Base","Dedication","","75","80","77.5","5","FALSE","TRUE",""
"369","369","Building Dedicated by Klaudia Tartarion, Priestess of Demeter and Kore","Base","Dedication","","75","80","77.5","5","FALSE","TRUE",""
"370","370","Statue Base for Publius Fulvius Metrodoros, Hearth-Initiate","Base","Dedication","","80","90","85","10","TRUE","FALSE",""
"371","371","Statue Base for Klaudia Philoxena, Hierophantis","Base","Dedication","","90","105","97.5","15","TRUE","TRUE",""
"372","372","Statue Base for an Unknown Individual","Base","Dedication","","90","105","97.5","15","TRUE","TRUE",""
"373","373","G. Kl. Seilianos Polykritos, Hearth-Initiate","Building or Monument","Dedication","","90","105","97.5","15","TRUE","TRUE",""
"374","374","Statue Base for Zopyros Zopyrou Piraieos","Base","Dedication","","90","105","97.5","15","TRUE","TRUE",""
"375","375","Statue Base for an Unknown Individual","Base","Dedication","","90","105","97.5","15","TRUE","TRUE",""
"376","376","Statue Base for an Unknown Individual","Base","Dedication","","90","105","97.5","15","TRUE","TRUE",""
"377","377","Statue Base for the Unknown Wife of Ammonios of Kholleidai","Base","Dedication","","75","100","87.5","25","FALSE","FALSE",""
"378","378","Statue Base for Eraton Eratonos Besaieus","Base","Dedication","","1","100","50.5","99","FALSE","FALSE",""
"379","379","Statue Base for an Unknown Individual, Dedicated by a Priestess","Stele","Dedication","","1","100","50.5","99","TRUE","TRUE",""
"380","380","Statue Base for Athenais, Granddaughter of a Hierophantis","Base","Dedication","Before the Telestrion","1","100","50.5","99","TRUE","TRUE",""
"381","381","Statue Base for a [-]ppos Herakleitou Gargettios","Base","Dedication","","1","100","50.5","99","TRUE","TRUE",""
"382","382","Statue Base for Kl. Theophilos and Kl. S[-]","Base","Dedication","","1","100","50.5","99","TRUE","TRUE",""
"383","383","Statue Base for a T. Flavius","Building or Monument","Dedication","","1","100","50.5","99","TRUE","TRUE",""
"384","384","Statue Base for a L. Pompeios, Hearth-Initiate","Base","Dedication","","1","100","50.5","99","TRUE","TRUE",""
"385","385","Statue Base for a L. Pompeios","Base","Dedication","","1","100","50.5","99","TRUE","TRUE",""
"386","386","Statue Base Signed by Agathokles Agathokleous Kephisieus","Base","Other/Uncertain","","1","100","50.5","99","TRUE","TRUE",""
"387","387","Altar Dedicated by Daughter of Dionysios Phalereus","Base","Dedication","","1","100","50.5","99","TRUE","TRUE",""
"388","388","Statue Base for an Unknown Individual","Base","Dedication","","1","100","50.5","99","TRUE","TRUE",""
"389","389","Son of Tryphon Phylasios","Building or Monument","Dedication","","1","100","50.5","99","TRUE","TRUE",""
"390","390","Altar Dedicated to Artemis","Base","Dedication","","1","100","50.5","99","TRUE","TRUE",""
"391","391","Statue Base for an Unknown Hearth-Initiate","Base","Dedication","","1","100","50.5","99","TRUE","TRUE",""
"392","392","Catalogue?","Base","Other/Uncertain","","1","200","100.5","199","FALSE","FALSE",""
"393","393","Statue Base for an Unknown Hearth-Initiate","Base","Dedication","","1","200","100.5","199","FALSE","FALSE",""
"394","394","Dedication to Dionysios Lenaios","Base","Dedication","","1","200","100.5","199","FALSE","FALSE",""
"395","395","Statue Base for a Hearth-Initiate","Base","Dedication","","1","200","100.5","199","FALSE","FALSE",""
"396","396","Statue Base for an Unknown Hearth-Initiate","Base","Dedication","","1","200","100.5","199","FALSE","FALSE",""
"397","397","Statue Base for an Unknown Individual","Base","Dedication","","1","200","100.5","199","FALSE","FALSE",""
"398","398","Statue Base for Kourtia Stratonike","Base","Dedication","Before the Telestrion","1","200","100.5","199","FALSE","FALSE",""
"399","399","Statue Base for Kallisto, Daughter of Kallimakhos","Base","Dedication","Before the Telestrion","1","200","100.5","199","FALSE","FALSE",""
"400","400","Bomiskos for Iakkhos","Base","Dedication","","1","200","100.5","199","FALSE","FALSE",""
"401","401","Bomiskos for Kourotrophos","Base","Dedication","","1","200","100.5","199","FALSE","FALSE",""
"402","402","Statue Base for an Unknown Individual","Base","Dedication","","1","200","100.5","199","FALSE","FALSE",""
"403","403","Statue Base for an Unknown Individual","Base","Dedication","","1","300","150.5","299","FALSE","FALSE",""
"404","404","Statue Base for an Unknown Individual","Base","Dedication","","1","300","150.5","299","FALSE","FALSE",""
"405","405","Statue Base(?) For an Unknown Individual","Base","Dedication","","1","300","150.5","299","FALSE","FALSE",""
"406","406","Statue Base for an Unknown Individual","Base","Dedication","","1","300","150.5","299","FALSE","FALSE",""
"407","407","Statue Base for an Unknown Individual","Base","Dedication","","1","300","150.5","299","FALSE","FALSE",""
"408","408","Dedicatory Base for an Unknown Figure","Base","Dedication","","1","300","150.5","299","FALSE","FALSE",""
"409","409","Statue Base(?) for Unknown","Altar","Other/Uncertain","","1","300","150.5","299","FALSE","FALSE",""
"410","410","Statue Base(?) For Unknown","Base","Dedication","","1","300","150.5","299","FALSE","FALSE",""
"411","411","Monument Dedicated by an Unknown Party","Base","Other/Uncertain","","1","300","150.5","299","FALSE","FALSE",""
"511","511","Statue Base for Praxagora, Daughter of Demostratos of Melite, Hearth-Initiate","Base","Dedication","Before the Telestrion","180","185","182.5","5","TRUE","FALSE",""
"412","412","Statue Base for an Unknown Individual","Altar","Dedication","","1","300","150.5","299","FALSE","FALSE",""
"413","413","Statue Base for an Unknown Individual","Base","Dedication","","1","300","150.5","299","FALSE","FALSE",""
"414","414","Statue Base for an Unknown Individual","Other/Fragment","Dedication","","1","300","150.5","299","FALSE","FALSE",""
"415","415","Statue Base for an Unknown Individaul","Base","Dedication","","1","300","150.5","299","FALSE","FALSE",""
"416","416","Statue Base for an Unknown Hearth-Initiate","Base","Dedication","","1","300","150.5","299","FALSE","FALSE",""
"417","417","Statue Base(?) for an Unknown Individual","Base","Dedication","","1","300","150.5","299","FALSE","FALSE",""
"418","418","Statue Base for an Unknown Individual","Base","Dedication","","1","300","150.5","299","FALSE","FALSE",""
"419","419","Statue Base for an Unknown Individual","Base","Dedication","","1","300","150.5","299","FALSE","FALSE",""
"420","420","Statue Base(?) for an Unknown Individual","Base","Dedication","","1","300","150.5","299","FALSE","FALSE",""
"421","421","Statue Base for an Unknown Individual","Altar","Dedication","","1","300","150.5","299","FALSE","FALSE",""
"422","422","Statue Base for an Unknown Emperor","Altar","Dedication","","1","300","150.5","299","FALSE","FALSE",""
"423","423","Statue Base for an Unknown Individual","Base","Dedication","","1","300","150.5","299","FALSE","FALSE",""
"424","424","Statue Base for an Unknown Emperor(?)","Base","Dedication","","1","300","150.5","299","FALSE","FALSE",""
"425","425","Statue Base for an Unknown Individual","Base","Dedication","","1","300","150.5","299","FALSE","FALSE",""
"426","426","Statue Base for an Unknown Individual","Base","Dedication","","1","300","150.5","299","FALSE","FALSE",""
"427","427","Statue Base for an Unknown Individual","Base","Dedication","Before the Telestrion","1","300","150.5","299","FALSE","FALSE",""
"428","428","Statue Base for an Unknown Individual","Base","Dedication","","1","300","150.5","299","FALSE","FALSE",""
"429","429","Statue Base for an Unknown Hearth-Initiate(?)","Base","Dedication","","1","300","150.5","299","FALSE","FALSE",""
"430","430","Statue Base for an Unknown Individual","Base","Dedication","","1","300","150.5","299","FALSE","FALSE",""
"431","431","Statue Base for an Unknown Hearth-Initiate","Base","Dedication","","1","300","150.5","299","FALSE","FALSE",""
"432","432","Dedication by a Woman for her Family","Base","Dedication","","1","300","150.5","299","FALSE","FALSE",""
"688","433","Statue Base for an Unknown Hierophantis, Daughter of Perikles of Oion","Base","Dedication","","100","125","112.5","25","FALSE","FALSE",""
"689","433","Statue Base for Ti. Kl., the Hierophant, Kallikratidou Trikorysios","Base","Dedication","","100","125","112.5","25","FALSE","FALSE",""
"434","434","Statue Base Signed by Sotas and [-]","Building or Monument","Other/Uncertain","","105","145","125","40","TRUE","FALSE",""
"435","435","Statue Base for an Unknown Individual, Dedicated by the Eumolpidai, Lykomidai","Base","Dedication","Before the Telestrion","105","145","125","40","TRUE","FALSE",""
"436","436","Statue Base for an Unknown Individual","Base","Dedication","Before the Telestrion","105","145","125","40","TRUE","FALSE",""
"437","437","Statue Base(?) for an Unknown Individual","Base","Dedication","","105","145","125","40","TRUE","FALSE",""
"438","438","Statue Base for Ti. Kl. Attikos Herodes Kl. Attikou Marathonios, Son of Hellas","Base","Dedication","","110","120","115","10","FALSE","FALSE",""
"439","439","Statue Base for Agrius Saturninus","Base","Dedication","Before the Telestrion","117","127","122","10","FALSE","FALSE",""
"440","440","Dedicatory Base in Honor of Ael. Lysistrate","Base","Dedication","","117","127","122","10","FALSE","FALSE",""
"441","441","Statue Base for Athenaios Athenaiou Phlyeus, Hearth-Initiate","Base","Dedication","","114","125","119.5","11","FALSE","FALSE",""
"442","442","Statue Base for T. Vipsanius [-] Flavianos Kephisieus, Hearth-Initiate","Base","Dedication","","125","140","132.5","15","TRUE","FALSE",""
"443","443","Statue Base for a Son of Heroxenos of Marathon","Base","Dedication","","125","150","137.5","25","FALSE","FALSE",""
"444","444","Statue Base(?) for G. Memmios Sabeinos Peisandros","Base","Dedication","","123","133","128","10","FALSE","FALSE",""
"445","445","Statue Base for Thrasyllos of Kholleidai","Base","Dedication","","130","140","135","10","TRUE","FALSE",""
"446","446","Altar Dedicated to Hadrian","Base","Dedication","","127","137","132","10","FALSE","FALSE",""
"447","447","Altar Dedicated by the Akhaioi","Base","Dedication","Outer Courtyard","131","141","136","10","FALSE","FALSE",""
"448","448","Dedicatory Inscriptions on Two Triumphal Arches, Dedicated by the Panhellenes to the Two Goddesses and the Emperor","Base","Dedication","Outer Courtyard","135","138","136.5","3","TRUE","FALSE",""
"449","449","Dedication of an Aquaduct by an Uncertain Emperor","Base","Dedication","","117","138","127.5","21","TRUE","TRUE",""
"450","450","Dedicatory Architrave Concerning the Eleusinia","Base","Other/Uncertain","South Wall","117","138","127.5","21","TRUE","TRUE",""
"451","451","Dedication Concerning an Unknown Emperor","Base","Other/Uncertain","South Wall","101","200","150.5","99","TRUE","TRUE",""
"452","452","Architrave Fragment","Base","Other/Uncertain","","101","200","150.5","99","TRUE","TRUE",""
"453","453","Statue Base for the Deified Hadrian Panhellenios","Base","Dedication","Outer Courtyard","138","182","160","44","FALSE","FALSE",""
"454","454","Statue Base for an Unknown Hierophantis, Daughter of a Demetrios","Base","Dedication","","138","182","160","44","TRUE","TRUE",""
"455","455","Statue Base for L. Vipsanios Aiolion Phlyeus, Exegete of the Eumolpidai","Base","Dedication","","140","150","145","10","TRUE","FALSE",""
"456","456","Statue Base for Relative of L. Vipsanios Aiolion, Exegete of the Eumolpidai","Base","Dedication","","140","150","145","10","TRUE","FALSE",""
"457","457","Base Dedicated by the Samians","Base","Dedication","","140","150","145","10","TRUE","TRUE",""
"458","458","Statue Base for Iun. [-] Meletine, Daughter of Iun. Patron of Berenikidai, Hearth-Initiate","Base","Dedication","","140","150","145","10","FALSE","FALSE",""
"459","459","Statue Base for Nummia Kleo, Hearth-Initiate","Base","Dedication","","140","150","145","10","TRUE","FALSE",""
"460","460","Statue Base for Ti. Kl. Attikos of Marathon","Base","Dedication","","100","150","125","50","FALSE","FALSE",""
"701","461","Statue Base Galeria Annia Faustina Sebaste, Daughter of Emperor Antoninus and Wife of M. Aur. Verus","Base","Dedication","","146","160","153","14","FALSE","FALSE",""
"702","461","Statue Base for Domitia Lucilla, Daughter of M. Aur. Verus","Base","Dedication","","146","160","153","14","FALSE","FALSE",""
"462","462","Statue Base for Nummios Nigreinos, Hierokeryx","Base","Dedication","Before the Telestrion","145","155","150","10","FALSE","FALSE",""
"463","463","Statue Base for Menandra of Ephesos","Base","Dedication","","125","175","150","50","FALSE","FALSE",""
"464","464","Statue Base D. Iun. Menneas D. Iun. Patronos Berenikides","Base","Dedication","","125","175","150","50","FALSE","FALSE",""
"465","465","Statue Base for Phirmos Gargettios, Hierophant","Base","Dedication","Outer Courtyard","125","175","150","50","TRUE","TRUE",""
"466","466","Statue Base for D. Iun. Peiraieus, Hierophant","Column/Herm","Dedication","","125","175","150","50","TRUE","TRUE",""
"467","467","Statue Base for an Unknown Hearth-Initiate, Relative of the Daduch Ti. Kl. Lysiades","Base","Dedication","","125","175","150","50","TRUE","TRUE",""
"468","468","Statue Base for Ael. Praxagoras of Melite","Base","Dedication","","125","175","150","50","TRUE","TRUE",""
"469","469","Statue Base for an Unknown Individual","Base","Dedication","","125","175","150","50","TRUE","TRUE",""
"470","470","Statue Base for Klementiane, Daughter of Arrian","Base","Dedication","","150","200","175","50","TRUE","FALSE",""
"471","471","Statue Base for an Unknown Emperor","Base","Dedication","","150","200","175","50","TRUE","FALSE",""
"472","472","Statue Base for an Unknown Member of the Klaudii of Melite","Base","Dedication","","150","200","175","50","TRUE","TRUE",""
"691","473","Statue Base for Sergius Salvidius Orfitus, Dedicated by The Areopagus, Boule, and Demos","Base","Dedication","South Wall","150","160","155","10","FALSE","FALSE",""
"692","473","Statue Base for Calpurnia Lepida, Daughter of L., Wife of Scipio Orfitus, Dedicated by the Areopagus, Boule, and Demos","Base","Dedication","South Wall","150","160","155","10","FALSE","FALSE",""
"693","473","Statue Base for Sergius Calpurius Scipio Orfitus, Son of Scipio Orfitus, Dedicated by the Areopagus, Boule, and Demos","Base","Dedication","South Wall","150","160","155","10","FALSE","FALSE",""
"694","473","Statue Base for L. Calpurnius Scipio, son of Orfitus, Dedicated by the Areopagus, Boule, and Demos","Base","Dedication","South Wall","150","160","155","10","FALSE","FALSE",""
"474","474","Statue Base for P. Ael. Teimosthenes Berenikides, Son of Ael. Zenon, Hearth-Initiate","Base","Dedication","South Wall","150","160","155","10","FALSE","FALSE",""
"475","475","Statue Base for Elpinike, Daughter of Herodes Attikos, Hearth-Initiate","Base","Dedication","","150","160","155","10","FALSE","FALSE",""
"476","476","Statue Base for Regilla, Wife of Herodes Attikos","Base","Dedication","Before the Telestrion","155","165","160","10","FALSE","FALSE",""
"477","477","Statue Base for Ti. Kl. Appios Ateilios Bradoua, Son of Kl. Herodes, Hearth-Initiate","Base","Dedication","","160","165","162.5","5","TRUE","FALSE",""
"478","478","Statue Base for Ael. Praxagoras Themistokleous Meliteus","Base","Dedication","South Wall","160","170","165","10","FALSE","TRUE",""
"479","479","Statue Base for Aelius Praxagoras Themistokles Meliteus","Base","Dedication","South Wall","160","170","165","10","FALSE","TRUE",""
"480","480","Statue Base for an Unknown Son of P. Ael. Praxagoras Meliteus, Hearth-Initiate","Base","Dedication","South Wall","160","170","165","10","FALSE","TRUE",""
"481","481","Statue Base for Fl. Xenion Marathonsios, Hearth-Initiate, and Others","Base","Dedication","","160","170","165","10","FALSE","TRUE",""
"482","482","Altar(?) for the Health of M. Aurelius and L. Verus","Base","Dedication","","161","169","165","8","FALSE","FALSE",""
"483","483","Statue Base T. Fl. Hierophantes Paianieus, Son of T. Fl. Alkibiades","Base","Dedication","Before the Telestrion","162","172","167","10","FALSE","FALSE",""
"484","484","Dedicatory Verse in Honor of Herodes Attikos, Not from the Sanctuary","Base","Verse","","162","162","162","0","TRUE","TRUE",""
"485","485","Statue Base for M. Aur. Miltiades, Son of Agathokles of Marathon, Hearth-Initiate","Base","Dedication","","160","170","165","10","FALSE","FALSE",""
"695","486","Statue Base for the Savior Gods/Godesses of Brotherly Emperors, Dedicated by the Polis during the Epimelitea of Herodes","Base","Dedication","","166","176","171","10","FALSE","FALSE",""
"696","486","Statue Base for the Savior Gods/Godesses of the Brotherly Emperors, Dedicated By the Polis During the Epimelitea of Herodes","Base","Dedication","","166","176","171","10","FALSE","FALSE",""
"487","487","Statue Base for T. Fl. Euthykomas Paianieus","Altar","Dedication","","161","171","166","10","FALSE","FALSE",""
"488","488","Statue Base for T. Fl. Menandros Paianieus","Stele","Dedication","South Wall","161","171","166","10","FALSE","FALSE",""
"697","489","Decision of a Synhedrion","Base","Other/Uncertain","","169","170","169.5","1","FALSE","TRUE",""
"698","489","Declaration of the Prefect Severus Concerning an Endowment","Base","Other/Uncertain","","169","170","169.5","1","FALSE","TRUE",""
"490","490","Statue Base for M. Iul. Apellas Marathonios, Archon of the Eumolpidai","Altar","Dedication","Before the Telestrion","165","175","170","10","FALSE","FALSE",""
"491","491","Statue Base for Fl. Xenion of Marathon, Archon of the Panhellenes","Altar","Dedication","","165","175","170","10","FALSE","FALSE",""
"493","493","Statue Base for Ael. Kephisodora, Daughter of Daduch Kl. Lysiades","Building or Monument","Dedication","","165","175","170","10","FALSE","FALSE",""
"492","492","Statue Base for Iul. Theodotos Meliteus, Son of Sophist Iul. Theodotos, Archon of the Kerykex","Altar","Dedication","Before the Telestrion","165","175","170","10","TRUE","TRUE",""
"494","494","Herm Honoring the Hierophant who Saved the Hiera During the Kostoboci Invasion","Building or Monument","Dedication","","171","181","176","10","FALSE","FALSE",""
"495","495","Statue Base for M. Aurelius","Base","Dedication","Before the Telestrion","172","175","173.5","3","FALSE","FALSE",""
"496","496","Statue Base for M. Aurelius","Base","Dedication","Outer Courtyard","172","180","176","8","FALSE","FALSE",""
"497","497","Statue Base for M. Aurelius(?)","Building or Monument","Dedication","","172","180","176","8","FALSE","TRUE",""
"498","498","Statue Base for Asklepios, Dedicated by Herodes","Building or Monument","Dedication","","175","175","175","0","FALSE","FALSE",""
"499","499","Dedicatory Architrave of the Greater Propylaea","Building or Monument","Dedication","","170","180","175","10","FALSE","FALSE",""
"500","500","Aedicula Block with Hierophant's Title","Base","Dedication","Outer Courtyard","170","180","175","10","TRUE","TRUE",""
"501","501","Statue Base for Iun. Melitine, Hierophantis","Base","Dedication","","175","200","187.5","25","TRUE","FALSE",""
"502","502","Statue Base for Isidote, Daughter of Isaios, Hierophantes","Base","Dedication","Before the Telestrion","176","192","184","16","FALSE","FALSE",""
"503","503","Statue Base for L. Memmios, Altar-Priest, of Thorikos","Other/Fragment","Dedication","Before the Telestrion","177","180","178.5","3","FALSE","FALSE",""
"504","504","Dedicatory Base for the Aparkhe","Base","Dedication","North of the Telesterion","177","189","183","12","TRUE","TRUE",""
"505","505","Statue Base for the Deified M. Aurelius","Base","Dedication","Outer Courtyard","180","182","181","2","FALSE","TRUE",""
"506","506","Statue Base for Lucilla, Daughter of M. Aurelius","Base","Dedication","Outer Courtyard","180","182","181","2","FALSE","TRUE",""
"507","507","Statue Base for Deified Faustina, Wife of M. Aurelius","Base","Dedication","","180","182","181","2","FALSE","TRUE",""
"508","508","Statue Base of Deified Faustina, Wife of M. Aurelius","Base","Dedication","Outer Courtyard","180","182","181","2","FALSE","TRUE",""
"509","509","Statue Base for Sabina, Daughter of M. Aurelius","Base","Dedication","Outer Courtyard","180","182","181","2","FALSE","TRUE",""
"510","510","Statue Base for Faustina, Daughter of M. Aurelius","Base","Dedication","Outer Courtyard","180","182","181","2","FALSE","TRUE",""
"512","512","Statue Base for Unknown Dedicated by Ael. Philiste","Base","Dedication","","180","185","182.5","5","TRUE","FALSE",""
"513","513","Letter by the Emperor Commodus to the Athenians Concern the Archonship of the Eumolpidai","Base","Epistle","","183","190","186.5","7","FALSE","FALSE",""
"514","514","Catalog of the Prytaneis of the Tribe of Antiokhis","Stele","Other/Uncertain","South Wall","186","196","191","10","FALSE","FALSE",""
"515","515","Statue Base for the Hierophant who Saved the Hiera During the Kostoboki Invasion, Probably Not from the Sanctuary","Base","Dedication","","191","201","196","10","FALSE","FALSE",""
"516","516","Statue Base for the Hierophant who Saved the Hiera During the Invasion of the Kostoboki.","Column/Herm","Dedication","North of the Telesterion","191","201","196","10","FALSE","FALSE",""
"517","517","Statue Base(?) for an Unknown Individual","Base","Dedication","","193","211","202","18","FALSE","TRUE",""
"518","518","Based Dedicated in Honor of the Emperor Septimius Severus and the Empress Iul. Domna","Base","Dedication","","195","198","196.5","3","FALSE","FALSE",""
"519","519","Statue Base for the Empress Iul. Domna","Base","Dedication","","195","198","196.5","3","FALSE","FALSE",""
"520","520","Statue Base for Kl. Themistokleia, Daughter of the Daduch Kl. Philippos, Hearth-Initiate","Base","Dedication","","175","200","187.5","25","FALSE","FALSE",""
"521","521","Statue Base for Kl. Menandra, Daughter of Kl. Philippos","Base","Dedication","","175","200","187.5","25","FALSE","FALSE",""
"522","522","Statue Base for Nikostrate Menneou Berenikidou, Hearth-Initiate","Base","Dedication","","175","200","187.5","25","FALSE","TRUE",""
"523","523","Statue Base for Ael. Epilampsis, Daughter of Ael. Gelos of Phaleron, Priestess of Demeter and Kore","Other/Fragment","Dedication","Before the Telestrion","175","200","187.5","25","FALSE","FALSE",""
"524","524","Statue Base for an Unknown Daughter of T. Fl. Leosthenes of Paiania","Base","Dedication","","175","200","187.5","25","FALSE","TRUE",""
"525","525","Base Dedicated by an Unknown Party","Base","Dedication","","175","200","187.5","25","FALSE","FALSE",""
"526","526","List of Men and WOmen","Base","Other/Uncertain","","101","200","150.5","99","TRUE","TRUE",""
"527","527","Dedication by Neokleides, Victor in the Eleusinia","Base","Dedication","","101","200","150.5","99","TRUE","TRUE",""
"528","528","Herm Honoring Demetrios Apolloniou Marathonios","Base","Dedication","","101","200","150.5","99","TRUE","TRUE",""
"529","529","Herm Honoring Demetrios Apolloniou Marathonios","Base","Dedication","","101","200","150.5","99","TRUE","TRUE",""
"530","530","Relief Dedicated by Alkamenes, Pyrphoros","Base","Dedication","","101","200","150.5","99","TRUE","TRUE",""
"531","531","Statue Base for an Unknown Exegete of the Eumolpidai","Base","Dedication","Before the Telestrion","101","200","150.5","99","TRUE","TRUE",""
"532","532","Dedicatory Base for the Aparkhe","Base","Dedication","Outer Courtyard","101","200","150.5","99","TRUE","TRUE",""
"533","533","Statue Base for an Unknown High-Priest","Base","Dedication","","101","200","150.5","99","TRUE","TRUE",""
"534","534","Statue Base for an Unknown [-]mmios","Base","Dedication","","101","200","150.5","99","TRUE","TRUE",""
"535","535","Statue Base for a Hearth-Initiate","Base","Dedication","","101","200","150.5","99","TRUE","TRUE",""
"536","536","Statue Base for Lolliane, Daughter of Glaukos","Base","Dedication","","101","200","150.5","99","TRUE","TRUE",""
"537","537","Statue Base for an Unknown Individaul","Base","Dedication","","101","200","150.5","99","TRUE","TRUE",""
"538","538","Statue Base(?) for an Unknown Individual","Base","Dedication","","101","200","150.5","99","TRUE","TRUE",""
"539","539","Statue Base for an Unknown Individual","Base","Dedication","","101","200","150.5","99","TRUE","TRUE",""
"540","540","Statue Base for an Unknown Individual","Base","Dedication","","101","200","150.5","99","TRUE","TRUE",""
"541","541","Statue Base for an Unknown Individual","Base","Dedication","","101","200","150.5","99","TRUE","TRUE",""
"542","542","Statue Base for an Unknown Individual","Altar","Dedication","","101","200","150.5","99","TRUE","TRUE",""
"543","543","Statue Base for an Unknown Klaudios","Base","Dedication","","101","200","150.5","99","TRUE","TRUE",""
"544","544","Statue Base for an Unknown Exegete","Base","Dedication","","101","200","150.5","99","TRUE","TRUE",""
"545","545","Statue Base for an Unknown Exegete of the Eumolpidai","Base","Dedication","","101","200","150.5","99","TRUE","TRUE",""
"546","546","Statue Base for Praxagoras of Melite","Base","Dedication","","101","200","150.5","99","TRUE","TRUE",""
"547","547","Statue Base(?) for an Unknown Individual","Base","Dedication","","101","200","150.5","99","TRUE","TRUE",""
"548","548","Statue Base for an Unknown Individual","Base","Dedication","","101","200","150.5","99","TRUE","TRUE",""
"549","549","Statue Base for an Unknown Priestess of Demeter and Kore","Base","Dedication","","101","200","150.5","99","TRUE","TRUE",""
"550","550","Statue Base for an Unknown Exegete(?) of the Eumolpidai","Base","Dedication","","101","200","150.5","99","TRUE","TRUE",""
"551","551","Large Monument in Honor of an Unknown Hearth-Initiate","Base","Dedication","","101","200","150.5","99","TRUE","TRUE",""
"552","552","Regulation(?) Concerning Dedications in the Sanctuary","Column/Herm","Edict/Regulation","","101","200","150.5","99","TRUE","TRUE",""
"553","553","Measuring Table","Base","Other/Uncertain","","101","200","150.5","99","TRUE","TRUE",""
"554","554","Fragmentary Inscription from an Architrave","Base","Other/Uncertain","","101","200","150.5","99","TRUE","TRUE",""
"555","555","Fragment from an Architectural Block","Base","Other/Uncertain","","101","200","150.5","99","TRUE","TRUE",""
"556","556","Fragment on an Architectural(?) Block","Base","Other/Uncertain","","101","200","150.5","99","TRUE","TRUE",""
"557","557","Statue Base for an Unknown Individual","Building or Monument","Dedication","","101","200","150.5","99","TRUE","TRUE",""
"558","558","Statue Base for an Unknown Son or Daughter of a Nummios","Building or Monument","Dedication","","101","200","150.5","99","TRUE","TRUE",""
"559","559","Base Dedicated by an Unknown Party","Base","Dedication","","101","200","150.5","99","TRUE","TRUE",""
"560","560","Statue Base for an Unknown Individual","Base","Dedication","","101","200","150.5","99","TRUE","TRUE",""
"561","561","Statue Base for an Unknown Individual","Base","Dedication","","101","200","150.5","99","TRUE","TRUE",""
"562","562","Statue Base for an Unknown Individual","Base","Dedication","","101","200","150.5","99","TRUE","TRUE",""
"563","563","Statue Base for an Unknown Individual","Base","Dedication","","101","200","150.5","99","TRUE","TRUE",""
"564","564","Statue Base for an Unknown Individual","Base","Dedication","","101","200","150.5","99","TRUE","TRUE",""
"565","565","Statue Base for an Unknown Individual","Base","Dedication","","101","200","150.5","99","TRUE","TRUE",""
"566","566","Statue Base for an Unknown Individual","Base","Dedication","","101","200","150.5","99","TRUE","TRUE",""
"567","567","Statue Base for an Unknown Individual","Base","Dedication","","101","200","150.5","99","TRUE","TRUE",""
"568","568","Statue Base for an Unknown Hearth-Initiate","Base","Dedication","","101","200","150.5","99","TRUE","TRUE",""
"569","569","Statue Base for an Unknown Individual","Base","Dedication","","101","200","150.5","99","TRUE","TRUE",""
"570","570","Statue Base for an Unknown Individual","Base","Dedication","","101","200","150.5","99","TRUE","TRUE",""
"571","571","Statue Base for an Unknown Individual","Stele","Dedication","","101","200","150.5","99","TRUE","TRUE",""
"572","572","Statue Base(?) for an Unknown Individual","Column/Herm","Dedication","","101","200","150.5","99","TRUE","TRUE",""
"573","573","Statue Base for an Unknown Individual","Base","Dedication","","101","200","150.5","99","TRUE","TRUE",""
"574","574","Statue Base for an Unknown Individual","Base","Dedication","","101","200","150.5","99","TRUE","TRUE",""
"575","575","Statue Base(?) for an Unknown Individual","Base","Dedication","","101","200","150.5","99","TRUE","TRUE",""
"576","576","Statue Base for an Unknown Individual","Base","Dedication","","101","200","150.5","99","TRUE","TRUE",""
"577","577","Herm in Honor of an Unknown Individual","Base","Dedication","","101","200","150.5","99","TRUE","TRUE",""
"578","578","Statue Base for an Unknown Individual","Base","Dedication","","101","200","150.5","99","TRUE","TRUE",""
"579","579","Statue Base for an Unknown Individual","Base","Dedication","","101","200","150.5","99","TRUE","TRUE",""
"580","580","Statue Base for an Unknown Individual","Base","Dedication","","101","200","150.5","99","TRUE","TRUE",""
"581","581","Statue Base for an Unknown Individual","Base","Dedication","","101","200","150.5","99","TRUE","TRUE",""
"582","582","Statue Base for an Unknown Individual","Base","Dedication","","101","200","150.5","99","TRUE","TRUE",""
"583","583","Statue Base for an Unknown Individual","Base","Dedication","","101","200","150.5","99","TRUE","TRUE",""
"584","584","Dedication(?) by and Unknown Party","Stele","Dedication","","201","300","250.5","99","FALSE","FALSE",""
"585","585","Statue Base for an Unknown Individual","Base","Dedication","","201","300","250.5","99","FALSE","FALSE",""
"586","586","Epigram","Column/Herm","Verse","","201","300","250.5","99","FALSE","FALSE",""
"587","587","Statue Base for T. Fl. Ateiemtos Son of T. Fl. Agathon of Peiraieus, Hearth-Initiate","Column/Herm","Dedication","","201","300","250.5","99","FALSE","FALSE",""
"588","588","Statue Base for Sabeiniane Hamillo, Priestess of Athena Polias, Probably Not from the Sanctuary","Other/Fragment","Dedication","","201","300","250.5","99","FALSE","FALSE",""
"589","589","Base Dedicated by Philoi","Base","Other/Uncertain","Outer Courtyard","201","300","250.5","99","FALSE","FALSE",""
"590","590","Statue Base for an Unknown Daughter of an Unknown Pythokhrestos Exegete","Base","Dedication","","201","300","250.5","99","FALSE","FALSE",""
"591","591","Statue Base for an Unknown Hearth-Initiate","Base","Dedication","","201","300","250.5","99","FALSE","TRUE",""
"592","592","Statue Base for an Unknown Individual","Base","Dedication","","201","300","250.5","99","FALSE","FALSE",""
"593","593","Statue Base for an Unknown Pompeia A[-]","Base","Dedication","","201","300","250.5","99","FALSE","FALSE",""
"594","594","Statue Base for an Unknown Priestess of Demeter and Kore","Base","Dedication","","201","300","250.5","99","FALSE","FALSE",""
"595","595","Statue Base(?) Celebrating a Victory","Base","Dedication","","201","300","250.5","99","FALSE","FALSE",""
"596","596","Statue Base for an Unknown Individual","Base","Dedication","","201","300","250.5","99","FALSE","FALSE",""
"597","597","Statue Base(?) for and Unknown Emperor","Base","Dedication","","201","300","250.5","99","FALSE","TRUE",""
"598","598","Dedicatory Base for an Unknown Individual","Base","Dedication","","201","300","250.5","99","FALSE","TRUE",""
"599","599","Statue Base for P. Ael. [-]","Base","Dedication","","201","300","250.5","99","FALSE","FALSE",""
"600","600","Base Dedicated by Unknown Party","Base","Dedication","","201","300","250.5","99","FALSE","FALSE",""
"601","601","Statue Base for Unknown Official","Base","Dedication","","201","300","250.5","99","FALSE","FALSE",""
"602","602","Statue Base(?) for an Unknown Individual","Base","Dedication","","201","300","250.5","99","FALSE","FALSE",""
"603","603","Statue Base(?) for an Unknown Individual","Base","Dedication","","201","300","250.5","99","FALSE","TRUE",""
"604","604","Statue Base for an Unknown Individual","Base","Dedication","","201","300","250.5","99","FALSE","TRUE",""
"605","605","Statue Base for an Unknown Individual","Base","Dedication","","201","300","250.5","99","FALSE","TRUE",""
"606","606","Statue Base for an Unknown Individual","Base","Dedication","","201","300","250.5","99","FALSE","TRUE",""
"607","607","Statue Base for an Unknown Individual","Base","Dedication","","201","300","250.5","99","FALSE","TRUE",""
"608","608","Statue Base(?) for an Unknown Individual","Base","Dedication","","201","300","250.5","99","FALSE","TRUE",""
"609","609","Statue Base for an Unknown Individual","Base","Dedication","","201","300","250.5","99","FALSE","TRUE",""
"610","610","Statue Base(?) for an Unknown Individual","Building or Monument","Dedication","","201","300","250.5","99","FALSE","TRUE",""
"611","611","Statue Base for an Unknown Individual","Other/Fragment","Dedication","","201","300","250.5","99","FALSE","TRUE",""
"612","612","Statue Base for an Unknown Individual","Other/Fragment","Dedication","","201","300","250.5","99","FALSE","FALSE",""
"613","613","Statue Base(?) for an Unknown Individual","Building or Monument","Dedication","","201","300","250.5","99","FALSE","FALSE",""
"614","614","Statue Base(?) for an Unknown Individual","Other/Fragment","Dedication","","201","300","250.5","99","FALSE","FALSE",""
"615","615","Statue Base(?) for an Unknown Individual","Building or Monument","Dedication","","201","300","250.5","99","FALSE","FALSE",""
"616","616","Statue Base(?) for an Unknown Individual","Base","Dedication","","201","300","250.5","99","FALSE","TRUE",""
"617","617","Statue Base for an Unknown Individual","Base","Dedication","","201","300","250.5","99","FALSE","FALSE",""
"618","618","Decree(?)","Base","Dedication","","201","300","250.5","99","FALSE","FALSE",""
"619","619","Dedication of a Bath","Base","Dedication","","201","300","250.5","99","FALSE","FALSE",""
"620","620","Statue Base(?) for an Unknown Individual","Base","Other/Uncertain","","201","300","250.5","99","FALSE","TRUE",""
"621","621","P. Ael. Herennia, Daughter of P. Ael. Apollonios, Hearth Initiate","Base","Dedication","","175","225","200","50","FALSE","FALSE",""
"622","622","Statue Base for an Unknown Grandson of T. Kl. Sospis, Daduch","Base","Dedication","Upper Terrace","195","205","200","10","FALSE","FALSE",""
"623","623","Statue Base for a Sekoundos, Eumolpid","Base","Dedication","","195","205","200","10","FALSE","FALSE",""
"624","624","Statue Base for a M. Aur. Prosdektos Pistokratous Kephalethen","Base","Dedication","Before the Telestrion","195","205","200","10","FALSE","FALSE",""
"625","625","Statue Base for M. Gavius Gallicanus, Proconsul Asiae, Eumolpid","Base","Dedication","Upper Terrace","195","205","200","10","FALSE","FALSE",""
"626","626","Statue Base for the Sophist P. Herennius Ptolemais, Son of P. Herennius, Hierokeryx","Base","Dedication","North of the Telesterion","301","325","313","24","FALSE","FALSE",""
"627","627","Statue Base for P. Herennius Ptolemaios of Hermos","Base","Dedication","","301","325","313","24","FALSE","TRUE",""
"628","628","Statue Base for Xenagoras, Son of Xenagoras and Praxagora","Base","Verse","","301","325","313","24","FALSE","FALSE",""
"629","629","Statue Base for an Unknown Sister of Likinios Kallistomakhos","Base","Dedication","Before the Telestrion","200","210","205","10","TRUE","TRUE",""
"630","630","Statue Base for Ful. Plautianos","Base","Dedication","Before the Telestrion","203","205","204","2","FALSE","FALSE",""
"631","631","Statue Base for the Hierophant Apollinarios","Base","Dedication","Before the Telestrion","205","215","210","10","FALSE","FALSE",""
"632","632","Statue Base for Kl. Menandra, Daughter of the Daduch Kl. Philippos","Base","Dedication","Before the Telestrion","205","215","210","10","FALSE","TRUE",""
"633","633","Statue Base for Rouphenia, Mother of Iul. the Hierokeryx","Base","Dedication","","210","225","217.5","15","FALSE","FALSE",""
"634","634","Statue Base for Ptolemaios, Son of Serenos of Gaza","Base","Dedication","","201","212","206.5","11","FALSE","FALSE",""
"635","635","Statue Base for Aur. Magna, Hearth-Initiate","Base","Dedication","","212","222","217","10","FALSE","FALSE",""
"636","636","Statue Base for Aur. Paramona, Daughter of Aur. Paramonos of Lamptrai, Heath-Initiate","Base","Dedication","","212","222","217","10","FALSE","FALSE",""
"699","637","Statue Base for Apollonios, Son of Apollonios, Hierophant","Base","Verse","","210","220","215","10","FALSE","FALSE",""
"700","637","Statue Base for Apollonios, Son of Apollonios, Hierophant","Base","Verse","","215","225","220","10","FALSE","FALSE",""
"638","638","Decree of the Athenians Concerning the Transport of the Sacred Objects","Base","Decree","South Wall","215","225","220","10","FALSE","FALSE",""
"639","639","Statue Base for Honoratiane Polykharmis, Daughter of Honoratianos Polykharmos, Hearth-Initiate","Base","Dedication","North of the Telesterion","215","225","220","10","FALSE","FALSE",""
"640","640","Dedication Honoring an Unknown Fabius [-], Hearth Initiate","Base","Dedication","","225","250","237.5","25","FALSE","TRUE",""
"641","641","Statue Base for Eunike, Daughter of Kallaischoros of Phillaidai","Base","Dedication","","225","250","237.5","25","FALSE","TRUE",""
"642","642","Statue Base for Polyelos Xeinagorou, Hearth-Initiate","Stele","Dedication","Between the Propylaea","225","250","237.5","25","FALSE","FALSE",""
"643","643","Edict by an Unknown Party","Base","Edict/Regulation","Between the Propylaea","225","235","230","10","TRUE","TRUE",""
"644","644","Statue Base for M. Ulpios Eubiotos Leuros Gargettios","Base","Dedication","","225","235","230","10","FALSE","FALSE",""
"645","645","Statue Base for Kassianos, Hierokeryx","Base","Dedication","Before the Telestrion","231","241","236","10","FALSE","FALSE",""
"646","646","Statue Base for T. Fl. Gklaukos Glaukou Marathonios, Hierophant","Base","Verse","Before the Telestrion","230","240","235","10","FALSE","FALSE",""
"647","647","Herm Dedicated to the Emperor Maximinus","Base","Dedication","","235","236","235.5","1","FALSE","FALSE",""
"648","648","Statue Base for Iun. Themistokleia, Daughter of Honoratiane Polykharmis, Hearth-Initiate","Base","Dedication","","235","245","240","10","FALSE","FALSE",""
"649","649","Statue Base for an Unknown Hierophant","Base","Dedication","Before the Telestrion","235","245","240","10","FALSE","FALSE",""
"650","650","Statue Base for Nikagoras, Hierokeryx and Sophist","Base","Dedication","Before the Telestrion","245","255","250","10","FALSE","FALSE",""
"651","651","Dionysia, Daughter of Hermippis, Priestess of Demeter and Kore","Base","Dedication","","225","275","250","50","FALSE","FALSE",""
"652","652","Statue Base for an Unknown Relative of an Orator","Base","Dedication","","225","275","250","50","FALSE","TRUE",""
"653","653","Statue Base for a Unknown T. Fl., Altar-Priest","Column/Herm","Dedication","","225","275","250","50","FALSE","TRUE",""
"654","654","Statue Base for Aerarios Sosipatros, Daduch","Base","Dedication","","250","300","275","50","FALSE","TRUE",""
"655","655","Letter of the Emperor Gallienus to the Athenians Concerning the Mysteries","Base","Epistle","","265","265","265","0","FALSE","FALSE",""
"656","656","Statue Base for P. Ael. Herennius Dexippos of Hermos, Priest of the Panages","Base","Dedication","North of the Telesterion","265","275","270","10","TRUE","TRUE",""
"657","657","Statue Base with a Verse Dedication to an Unknown Individual","Base","Verse","","265","275","270","10","TRUE","TRUE",""
"658","658","Dedicatory Base Set up by Initiates, Pyrros and Roupheinos","Base","Dedication","","265","275","270","10","TRUE","TRUE",""
"659","659","Statue Base for Eunike Kallaiskhrou Marathoniou","Base","Verse","Before the Telestrion","275","300","287.5","25","FALSE","FALSE",""
"660","660","Statue Base for the Emperors Diocletian and Maximianus","Base","Dedication","","286","305","295.5","19","FALSE","FALSE",""
"661","661","Statue Base for an Unknown Proconsul","Base","Dedication","Before the Telestrion","200","300","250","100","FALSE","FALSE",""
"662","662","Statue Base for an Unknown Individual","Base","Dedication","Before the Telestrion","200","300","250","100","TRUE","TRUE",""
"663","663","Statue Base for an Unknown Exegete of the Eumolpidai(?)","Base","Dedication","","200","300","250","100","TRUE","TRUE",""
"664","664","Statue Base(?) for an Unknown Individual","Base","Other/Uncertain","","200","300","250","100","TRUE","TRUE",""
"665","665","Statue Base for an Unknown Individual","Base","Dedication","","200","300","250","100","TRUE","TRUE",""
"666","666","Base Dedicated by an Unknown Party","Base","Dedication","","1","300","150.5","299","FALSE","FALSE",""
"667","667","Base Dedicated by an Unknown party","Base","Dedication","","1","300","150.5","299","FALSE","FALSE",""
"668","668","Altar Dedicated to Kourotrophos","Base","Dedication","","1","300","150.5","299","FALSE","FALSE",""
"669","669","Altar Dedicated to an Unknown Figure","Base","Dedication","","1","300","150.5","299","FALSE","FALSE",""
"670","670","Base(?) Dedicated by an Unknown Party","Base","Other/Uncertain","","1","300","150.5","299","FALSE","FALSE",""
"671","671","Base(?) Dedicated by an Unknown Party","Base","Other/Uncertain","","1","300","150.5","299","FALSE","FALSE",""
"672","672","Fragmentary Inscription","Base","Other/Uncertain","","1","300","150.5","299","FALSE","FALSE",""
"673","673","Base Honoring an Unknown Individual","Base","Other/Uncertain","","1","300","150.5","299","FALSE","FALSE",""
"674","674","Fragmentary Inscription","Base","Other/Uncertain","","1","300","150.5","299","FALSE","FALSE",""